 YEAR_MONTH,SKU, DESCRIPTION, LEAD_TIMES, MANUFACTURING_COSTS, CUSTOMER_NAME, CUSTOMER_CITY, CUSTOMER_COUNTRY, VIA_TRANSP, SOLD_QTY, PRICE, REVENUE_GENERATED, FEIHT_ITEM, STOK_QTY, LEAD_TIMES_REPOSITION
2024/10,SKU43,PROD_NAME_43,1,0.48,CUSTORMER_09,JUNDIAI                       , BR,Rodoviario,6,0.60,1.20,0.04,207,0
2024/04,SKU35,PROD_NAME_35,22,0.03,CUSTORMER_08,Salto                         , BR,Rodoviario,1144,0.04,11.44,0.34,5576,0
2024/11,SKU43,PROD_NAME_43,8,0.48,CUSTORMER_09,JUNDIAI                       , BR,Rodoviario,66,0.60,13.20,0.40,207,0
2024/05,SKU35,PROD_NAME_35,11,0.06,CUSTORMER_08,Salto                         , BR,Rodoviario,2492,0.08,24.92,0.75,11152,0
2024/05,SKU36,PROD_NAME_36,27,0.06,CUSTORMER_08,Salto                         , BR,Rodoviario,3312,0.08,33.12,0.99,21744,0
2024/03,SKU35,PROD_NAME_35,25,0.10,CUSTORMER_08,Salto                         , BR,Rodoviario,3724,0.12,37.24,1.12,16728,0
2024/06,SKU35,PROD_NAME_35,23,0.10,CUSTORMER_08,Salto                         , BR,Rodoviario,7152,0.12,71.52,2.15,16728,0
2024/06,SKU36,PROD_NAME_36,23,0.26,CUSTORMER_08,Salto                         , BR,Rodoviario,23616,0.32,236.16,7.08,86976,0
2024/07,SKU36,PROD_NAME_36,2,0.13,CUSTORMER_08,Salto                         , BR,Rodoviario,28776,0.16,287.76,8.63,43488,0
2024/04,SKU36,PROD_NAME_36,16,0.51,CUSTORMER_08,Salto                         , BR,Rodoviario,65224,0.64,652.24,19.57,173952,0
2024/03,SKU36,PROD_NAME_36,5,0.77,CUSTORMER_08,Salto                         , BR,Rodoviario,76328,0.96,763.28,22.90,260928,0
2024/03,SKU43,PROD_NAME_43,19,0.48,CUSTORMER_09,JUNDIAI                       , BR,Rodoviario,3879,0.60,775.80,23.27,207,0
2023/10,SKU35,PROD_NAME_35,16,6.40,CUSTORMER_08,Salto                         , BR,Rodoviario,472,8.00,944.00,28.32,5576,0
2023/01,SKU09,PROD_NAME_09,8,853.38,CUSTORMER_03,PALO ALTO                     ,USA,Aereo,1,1066.73,1066.73,192.01,142,60
2024/04,SKU46,PROD_NAME_46,0,3.80,CUSTORMER_11,SAO PAULO                     , BR,Rodoviario,225,4.75,1068.75,21.38,440,0
2020/12,SKU20,PROD_NAME_20,13,537.78,CUSTORMER_02,"Sorocaba	                     ", BR,Rodoviario,2,672.23,1344.46,26.89,2440,60
2022/08,SKU33,PROD_NAME_33,27,0.33,CUSTORMER_04,GENEVA                        , CH,Aereo,3600,0.41,1476.00,265.68,1200,0
2022/08,SKU36,PROD_NAME_36,27,6.40,CUSTORMER_09,JUNDIAI                       , BR,Rodoviario,1480,8.00,1480.00,44.40,21744,0
2024/02,SKU49,PROD_NAME_49,0,2.80,CUSTORMER_08,Salto                         , BR,Rodoviario,475,3.50,1662.50,49.88,166,0
2024/02,SKU46,PROD_NAME_46,0,2.80,CUSTORMER_08,Salto                         , BR,Rodoviario,500,3.50,1750.00,52.50,440,0
2022/08,SKU25,PROD_NAME_25,25,0.33,CUSTORMER_04,GENEVA                        , CH,Aereo,4800,0.41,1968.00,354.24,2400,30
2021/08,SKU18,PROD_NAME_18,2,526.79,CUSTORMER_02,"Sorocaba	                     ", BR,Rodoviario,3,658.49,1975.47,39.51,14,60
2020/01,SKU29,PROD_NAME_29,5,3.84,CUSTORMER_07,BARUERI                       , BR,Rodoviario,914,4.80,2193.60,109.68,2000,0
2024/02,SKU55,PROD_NAME_55,0,4.80,CUSTORMER_08,Salto                         , BR,Rodoviario,778,6.00,2334.00,70.02,928,0
2023/05,SKU35,PROD_NAME_35,29,6.40,CUSTORMER_08,Salto                         , BR,Rodoviario,1220,8.00,2440.00,73.20,5576,0
2025/03,SKU44,PROD_NAME_44,0,14.00,CUSTORMER_09,JUNDIAI                       , BR,Rodoviario,143,17.50,2502.50,75.08,47,0
2021/05,SKU30,PROD_NAME_30,26,0.78,CUSTORMER_04,GENEVA                        , CH,Rodoviario,2728,0.98,2673.44,80.20,5280,0
2024/01,SKU47,PROD_NAME_47,0,5.60,CUSTORMER_08,Salto                         , BR,Rodoviario,842,7.00,2947.00,88.41,1306,0
2022/02,SKU35,PROD_NAME_35,1,6.40,CUSTORMER_08,Salto                         , BR,Rodoviario,1596,8.00,3192.00,95.76,5576,0
2023/12,SKU35,PROD_NAME_35,23,8.64,CUSTORMER_08,Salto                         , BR,Rodoviario,11864,10.80,3559.20,106.78,50184,0
2020/10,SKU25,PROD_NAME_25,12,0.62,CUSTORMER_04,GENEVA                        , CH,Aereo,4800,0.78,3744.00,673.92,2400,30
2024/01,SKU39,PROD_NAME_39,17,21.60,CUSTORMER_08,Salto                         , BR,Rodoviario,1296,27.00,3888.00,116.64,36297,0
2023/04,SKU34,PROD_NAME_34,23,2.13,CUSTORMER_04,GENEVA                        , CH,Rodoviario,1512,2.66,4021.92,120.66,186,0
2023/11,SKU35,PROD_NAME_35,24,0.96,CUSTORMER_08,Salto                         , BR,Rodoviario,13612,1.20,4083.60,122.51,5576,0
2022/06,SKU27,PROD_NAME_27,26,1.76,CUSTORMER_04,GENEVA                        , CH,Rodoviario,1890,2.20,4158.00,124.74,9765,30
2023/09,SKU36,PROD_NAME_36,18,10.24,CUSTORMER_08,Salto                         , BR,Rodoviario,5720,12.80,4576.00,137.28,43488,0
2022/07,SKU36,PROD_NAME_36,19,12.80,CUSTORMER_09,JUNDIAI                       , BR,Rodoviario,5144,16.00,5144.00,154.32,43488,0
2022/03,SKU36,PROD_NAME_36,6,19.20,CUSTORMER_09,JUNDIAI                       , BR,Rodoviario,5840,24.00,5840.00,525.60,65232,0
2022/06,SKU36,PROD_NAME_36,1,6.40,CUSTORMER_09,JUNDIAI                       , BR,Rodoviario,5848,8.00,5848.00,526.32,21744,0
2023/05,SKU36,PROD_NAME_36,17,6.40,CUSTORMER_09,JUNDIAI                       , BR,Rodoviario,6056,8.00,6056.00,181.68,21744,0
2023/03,SKU36,PROD_NAME_36,6,6.40,CUSTORMER_09,JUNDIAI                       , BR,Rodoviario,6544,8.00,6544.00,588.96,21744,0
2022/07,SKU36,PROD_NAME_36,28,19.20,CUSTORMER_09,JUNDIAI                       , BR,Rodoviario,6568,24.00,6568.00,591.12,65232,0
2022/04,SKU36,PROD_NAME_36,20,12.80,CUSTORMER_09,JUNDIAI                       , BR,Rodoviario,6608,16.00,6608.00,594.72,43488,0
2020/10,SKU23,PROD_NAME_23,30,1.25,CUSTORMER_04,GENEVA                        , CH,Aereo,8700,1.56,6786.00,1221.48,3770,30
2022/12,SKU36,PROD_NAME_36,24,12.80,CUSTORMER_09,JUNDIAI                       , BR,Rodoviario,7656,16.00,7656.00,229.68,43488,0
2022/08,SKU30,PROD_NAME_30,17,0.60,CUSTORMER_04,GENEVA                        , CH,Aereo,10560,0.75,7920.00,1425.60,5280,0
2023/10,SKU36,PROD_NAME_36,2,19.20,CUSTORMER_09,JUNDIAI                       , BR,Rodoviario,8600,24.00,8600.00,258.00,65232,0
2020/10,SKU24,PROD_NAME_24,10,1.25,CUSTORMER_04,GENEVA                        , CH,Aereo,11760,1.56,9172.80,1651.10,60480,30
2022/10,SKU36,PROD_NAME_36,4,12.80,CUSTORMER_09,JUNDIAI                       , BR,Rodoviario,9352,16.00,9352.00,841.68,43488,0
2023/04,SKU35,PROD_NAME_35,27,19.20,CUSTORMER_08,Salto                         , BR,Rodoviario,4696,24.00,9392.00,281.76,16728,0
2020/12,SKU21,PROD_NAME_21,11,4196.16,CUSTORMER_02,"Sorocaba	                     ", BR,Rodoviario,10,5245.20,10490.40,209.81,8930,60
2022/08,SKU16,PROD_NAME_16,23,434.86,CUSTORMER_02,"Sorocaba	                     ", BR,Rodoviario,20,543.57,10871.40,217.43,345,60
2023/06,SKU36,PROD_NAME_36,9,19.20,CUSTORMER_09,JUNDIAI                       , BR,Rodoviario,11440,24.00,11440.00,343.20,65232,0
2025/01,SKU54,PROD_NAME_54,0,12.22,CUSTORMER_14,Guarulhos                     , BR,Rodoviario,2280,15.27,11605.20,0.00,2568,0
2022/07,SKU01,PROD_NAME_01,7,4717.78,CUSTORMER_01,BARUERI                       , BR,Rodoviario,6,5897.22,11794.44,589.72,1188,60
2023/07,SKU36,PROD_NAME_36,8,25.60,CUSTORMER_09,JUNDIAI                       , BR,Rodoviario,12104,32.00,12104.00,363.12,86976,0
2023/06,SKU35,PROD_NAME_35,19,32.00,CUSTORMER_08,Salto                         , BR,Rodoviario,6056,40.00,12112.00,363.36,27880,0
2024/02,SKU35,PROD_NAME_35,11,32.03,CUSTORMER_08,Salto                         , BR,Rodoviario,7820,40.04,12742.56,382.28,33456,0
2024/01,SKU35,PROD_NAME_35,4,32.00,CUSTORMER_08,Salto                         , BR,Rodoviario,6688,40.00,13376.00,401.28,27880,0
2022/02,SKU20,PROD_NAME_20,19,699.17,CUSTORMER_01,BARUERI                       , BR,Rodoviario,17,873.96,14857.32,742.87,2440,60
2023/04,SKU36,PROD_NAME_36,19,19.20,CUSTORMER_09,JUNDIAI                       , BR,Rodoviario,15032,24.00,15032.00,1352.88,65232,0
2021/05,SKU24,PROD_NAME_24,8,1.54,CUSTORMER_04,GENEVA                        , CH,Rodoviario,15960,1.93,15388.80,461.66,60480,30
2023/09,SKU35,PROD_NAME_35,15,32.00,CUSTORMER_08,Salto                         , BR,Rodoviario,7840,40.00,15680.00,470.40,27880,0
2022/12,SKU36,PROD_NAME_36,14,12.80,CUSTORMER_09,JUNDIAI                       , BR,Rodoviario,16408,16.00,16408.00,1476.72,43488,0
2023/04,SKU32,PROD_NAME_32,26,2.94,CUSTORMER_04,GENEVA                        , CH,Rodoviario,4800,3.67,17616.00,528.48,720,0
2022/07,SKU23,PROD_NAME_23,8,2.46,CUSTORMER_04,GENEVA                        , CH,Aereo,5800,3.08,17864.00,3215.52,1885,30
2022/07,SKU27,PROD_NAME_27,11,1.72,CUSTORMER_04,GENEVA                        , CH,Rodoviario,8400,2.15,18060.00,541.80,9765,30
2020/01,SKU28,PROD_NAME_28,15,6.56,CUSTORMER_06,"Santana de Parnaiba	          ", BR,Rodoviario,4810,8.20,19721.00,394.42,1200,0
2022/01,SKU35,PROD_NAME_35,8,6.40,CUSTORMER_08,Salto                         , BR,Rodoviario,10316,8.00,20632.00,618.96,5576,0
2023/02,SKU09,PROD_NAME_09,1,852.31,CUSTORMER_03,PALO ALTO                     ,USA,Aereo,20,1065.39,21307.80,3835.40,142,60
2023/03,SKU35,PROD_NAME_35,19,38.40,CUSTORMER_08,Salto                         , BR,Rodoviario,10916,48.00,21832.00,654.96,33456,0
2024/01,SKU50,PROD_NAME_50,0,24.00,CUSTORMER_08,Salto                         , BR,Rodoviario,7330,30.00,21990.00,659.70,164740,0
2022/10,SKU04,PROD_NAME_04,29,1291.71,CUSTORMER_02,"Sorocaba	                     ", BR,Rodoviario,28,1614.64,22604.96,452.10,68,30
2022/11,SKU36,PROD_NAME_36,25,32.00,CUSTORMER_09,JUNDIAI                       , BR,Rodoviario,22656,40.00,22656.00,2039.04,108720,0
2023/09,SKU36,PROD_NAME_36,12,25.60,CUSTORMER_09,JUNDIAI                       , BR,Rodoviario,24072,32.00,24072.00,722.16,86976,0
2022/12,SKU05,PROD_NAME_05,11,1158.40,CUSTORMER_02,"Sorocaba	                     ", BR,Rodoviario,34,1448.00,24616.00,492.32,14,30
2023/02,SKU35,PROD_NAME_35,20,25.60,CUSTORMER_08,Salto                         , BR,Rodoviario,12580,32.00,25160.00,754.80,22304,0
2025/01,SKU52,PROD_NAME_52,0,4.07,CUSTORMER_14,Guarulhos                     , BR,Rodoviario,5101,5.09,25964.09,2336.77,1162.5,0
2020/12,SKU18,PROD_NAME_18,26,519.54,CUSTORMER_02,"Sorocaba	                     ", BR,Rodoviario,40,649.43,25977.20,519.54,14,60
2020/06,SKU14,PROD_NAME_14,8,261.35,CUSTORMER_02,"Sorocaba	                     ", BR,Rodoviario,80,326.69,26135.20,522.70,12,60
2023/08,SKU35,PROD_NAME_35,29,38.40,CUSTORMER_08,Salto                         , BR,Rodoviario,13128,48.00,26256.00,787.68,33456,0
2023/01,SKU19,PROD_NAME_19,10,517.66,CUSTORMER_02,"Sorocaba	                     ", BR,Rodoviario,41,647.08,26530.28,530.61,4,30
2023/03,SKU08,PROD_NAME_08,27,1188.38,CUSTORMER_01,BARUERI                       , BR,Rodoviario,18,1485.47,26738.46,1336.92,2961,60
2020/11,SKU18,PROD_NAME_18,17,545.63,CUSTORMER_02,"Sorocaba	                     ", BR,Rodoviario,40,682.04,27281.60,545.63,14,60
2020/08,SKU18,PROD_NAME_18,18,552.70,CUSTORMER_02,"Sorocaba	                     ", BR,Rodoviario,40,690.88,27635.20,552.70,14,60
2022/08,SKU24,PROD_NAME_24,11,3.70,CUSTORMER_04,GENEVA                        , CH,Aereo,11970,4.62,27650.70,4977.13,60480,30
2021/04,SKU18,PROD_NAME_18,14,572.70,CUSTORMER_02,"Sorocaba	                     ", BR,Rodoviario,40,715.88,28635.20,572.70,14,60
2020/10,SKU18,PROD_NAME_18,25,573.02,CUSTORMER_02,"Sorocaba	                     ", BR,Rodoviario,40,716.28,28651.20,573.02,14,60
2024/08,SKU55,PROD_NAME_55,0,8.26,CUSTORMER_14,Guarulhos                     , BR,Rodoviario,5552,10.33,28668.86,0.00,928,0
2023/07,SKU35,PROD_NAME_35,7,44.80,CUSTORMER_08,Salto                         , BR,Rodoviario,14516,56.00,29032.00,870.96,39032,0
2023/08,SKU36,PROD_NAME_36,1,32.00,CUSTORMER_09,JUNDIAI                       , BR,Rodoviario,29720,40.00,29720.00,891.60,108720,0
2024/12,SKU52,PROD_NAME_52,0,4.07,CUSTORMER_14,Guarulhos                     , BR,Rodoviario,6000,5.09,30540.00,916.20,1162.5,0
2025/02,SKU40,PROD_NAME_40,26,2737.78,CUSTORMER_09,JUNDIAI                       , BR,Rodoviario,9,3422.22,30799.98,2772.00,4000,0
2025/02,SKU42,PROD_NAME_42,2,8213.34,CUSTORMER_09,JUNDIAI                       , BR,Rodoviario,3,10266.67,30800.01,2772.00,4000,0
2022/06,SKU10,PROD_NAME_10,4,1390.25,CUSTORMER_01,BARUERI                       , BR,Rodoviario,18,1737.81,31280.58,1564.03,1026,60
2022/06,SKU32,PROD_NAME_32,17,6.05,CUSTORMER_04,GENEVA                        , CH,Rodoviario,8280,7.57,31321.85,939.66,1440,0
2022/11,SKU10,PROD_NAME_10,19,1516.09,CUSTORMER_01,BARUERI                       , BR,Rodoviario,18,1895.11,34111.98,1705.60,1026,60
2022/11,SKU20,PROD_NAME_20,3,728.36,CUSTORMER_01,BARUERI                       , BR,Rodoviario,40,910.45,36418.00,1820.90,2440,60
2021/02,SKU16,PROD_NAME_16,27,424.23,CUSTORMER_02,"Sorocaba	                     ", BR,Rodoviario,72,530.29,38180.88,763.62,345,60
2022/09,SKU24,PROD_NAME_24,5,3.70,CUSTORMER_04,GENEVA                        , CH,Rodoviario,16800,4.62,38808.00,1164.24,60480,30
2023/03,SKU09,PROD_NAME_09,29,839.62,CUSTORMER_03,PALO ALTO                     ,USA,Aereo,40,1049.53,41981.20,7556.62,142,60
2022/07,SKU26,PROD_NAME_26,5,6.42,CUSTORMER_04,GENEVA                        , CH,Aereo,16800,8.03,44990.40,8098.27,504,30
2022/07,SKU27,PROD_NAME_27,16,5.18,CUSTORMER_04,GENEVA                        , CH,Aereo,21000,6.48,45444.00,8179.92,29295,30
2022/07,SKU10,PROD_NAME_10,20,1543.93,CUSTORMER_01,BARUERI                       , BR,Rodoviario,24,1929.91,46317.84,2315.89,1026,60
2022/09,SKU17,PROD_NAME_17,19,1930.30,CUSTORMER_02,"Sorocaba	                     ", BR,Rodoviario,80,2412.88,48257.60,965.15,1960,60
2023/02,SKU06,PROD_NAME_06,5,1683.47,CUSTORMER_02,"Sorocaba	                     ", BR,Rodoviario,48,2104.34,50504.16,1010.08,90,60
2023/04,SKU26,PROD_NAME_26,1,6.38,CUSTORMER_04,GENEVA                        , CH,Rodoviario,19152,7.98,50944.32,1528.33,504,30
2023/04,SKU20,PROD_NAME_20,4,691.18,CUSTORMER_01,BARUERI                       , BR,Rodoviario,60,863.98,51838.80,2591.94,2440,60
2023/12,SKU36,PROD_NAME_36,25,19.20,CUSTORMER_09,JUNDIAI                       , BR,Rodoviario,53424,24.00,53424.00,1602.72,65232,0
2020/02,SKU14,PROD_NAME_14,27,214.82,CUSTORMER_02,"Sorocaba	                     ", BR,Rodoviario,200,268.52,53704.00,1074.08,12,60
2022/06,SKU31,PROD_NAME_31,13,6.97,CUSTORMER_04,GENEVA                        , CH,Rodoviario,25620,8.71,56358.86,1690.77,69000,0
2024/09,SKU44,PROD_NAME_44,0,14.00,CUSTORMER_09,JUNDIAI                       , BR,Rodoviario,3318,17.50,58065.00,1741.95,47,0
2022/10,SKU24,PROD_NAME_24,17,5.54,CUSTORMER_04,GENEVA                        , CH,Rodoviario,25200,6.93,58212.00,1746.36,90720,30
2023/12,SKU55,PROD_NAME_55,0,19.20,CUSTORMER_08,Salto                         , BR,Rodoviario,19544,24.00,58632.00,1758.96,3712,0
2024/07,SKU48,PROD_NAME_48,0,46.90,CUSTORMER_12,ITAJUBA                       , BR,Rodoviario,11022,58.63,58747.26,5287.25,48895,0
2025/02,SKU41,PROD_NAME_41,14,4480.00,CUSTORMER_09,JUNDIAI                       , BR,Rodoviario,22,5600.00,61600.00,5544.00,9000,0
2023/01,SKU02,PROD_NAME_02,15,1191.18,CUSTORMER_02,"Sorocaba	                     ", BR,Rodoviario,84,1488.98,62537.16,1250.74,74,30
2022/12,SKU02,PROD_NAME_02,27,1184.51,CUSTORMER_02,"Sorocaba	                     ", BR,Rodoviario,92,1480.64,68109.44,1362.19,74,30
2020/03,SKU28,PROD_NAME_28,9,8.96,CUSTORMER_05,"Hortolandia 	                 ", BR,Rodoviario,24850,11.20,69580.00,2087.40,2400,0
2022/07,SKU01,PROD_NAME_01,30,1572.59,CUSTORMER_01,SERRA                         , BR,Rodoviario,36,1965.74,70766.64,2123.00,396,60
2024/08,SKU38,PROD_NAME_38,18,132.20,CUSTORMER_10,Jaguariuna                    , BR,Rodoviario,2240,165.25,74032.00,2220.96,10775,0
2023/01,SKU35,PROD_NAME_35,29,38.40,CUSTORMER_08,Salto                         , BR,Rodoviario,37288,48.00,74576.00,2237.28,33456,0
2022/07,SKU08,PROD_NAME_08,5,3390.60,CUSTORMER_01,BARUERI                       , BR,Rodoviario,54,4238.25,76288.50,3814.43,8883,60
2020/05,SKU22,PROD_NAME_22,23,211.79,CUSTORMER_02,"Sorocaba	                     ", BR,Rodoviario,290,264.74,76774.60,1535.49,1,45
2024/08,SKU52,PROD_NAME_52,0,10.24,CUSTORMER_13,BOITUVA                       , BR,Rodoviario,12000,12.80,76800.00,1536.00,2325,0
2021/09,SKU21,PROD_NAME_21,26,5144.56,CUSTORMER_01,BARUERI                       , BR,Rodoviario,60,6430.70,77168.40,3858.42,8930,60
2024/06,SKU38,PROD_NAME_38,7,124.00,CUSTORMER_10,Jaguariuna                    , BR,Rodoviario,2500,155.00,77500.00,2325.00,10775,0
2022/07,SKU21,PROD_NAME_21,25,5234.16,CUSTORMER_01,BARUERI                       , BR,Rodoviario,60,6542.70,78512.40,3925.62,8930,60
2023/12,SKU53,PROD_NAME_53,0,28.80,CUSTORMER_08,Salto                         , BR,Rodoviario,27133.2336,36.00,81399.70,2441.99,17772,0
2022/06,SKU06,PROD_NAME_06,25,1360.24,CUSTORMER_02,"Sorocaba	                     ", BR,Rodoviario,96,1700.30,81614.40,1632.29,90,60
2022/03,SKU20,PROD_NAME_20,12,655.69,CUSTORMER_01,SERRA                         , BR,Rodoviario,100,819.61,81961.00,2458.83,2440,60
2023/11,SKU36,PROD_NAME_36,29,25.60,CUSTORMER_09,JUNDIAI                       , BR,Rodoviario,86048,32.00,86048.00,2581.44,86976,0
2022/03,SKU14,PROD_NAME_14,19,290.67,CUSTORMER_02,"Sorocaba	                     ", BR,Rodoviario,240,363.34,87201.60,1744.03,12,60
2024/09,SKU38,PROD_NAME_38,22,132.20,CUSTORMER_10,Jaguariuna                    , BR,Rodoviario,2760,165.25,91218.00,0.00,10775,0
2022/06,SKU07,PROD_NAME_07,11,1534.46,CUSTORMER_02,"Sorocaba	                     ", BR,Rodoviario,96,1918.08,92067.84,1841.36,58,60
2022/01,SKU14,PROD_NAME_14,14,311.33,CUSTORMER_02,"Sorocaba	                     ", BR,Rodoviario,240,389.16,93398.40,1867.97,12,60
2023/03,SKU16,PROD_NAME_16,11,469.05,CUSTORMER_02,"Sorocaba	                     ", BR,Rodoviario,168,586.31,98500.08,1970.00,345,60
2023/01,SKU14,PROD_NAME_14,1,335.30,CUSTORMER_02,"Sorocaba	                     ", BR,Rodoviario,238,419.12,99750.56,1995.01,12,60
2020/09,SKU16,PROD_NAME_16,17,422.22,CUSTORMER_02,"Sorocaba	                     ", BR,Rodoviario,192,527.78,101333.76,2026.68,345,60
2022/10,SKU03,PROD_NAME_03,10,4283.95,CUSTORMER_02,"Sorocaba	                     ", BR,Rodoviario,114,5354.94,101743.86,2034.88,330,30
2020/06,SKU20,PROD_NAME_20,27,1327.99,CUSTORMER_01,SERRA                         , BR,Rodoviario,128,1659.99,104435.80,3133.07,4880,60
2021/05,SKU15,PROD_NAME_15,15,1427.88,CUSTORMER_02,"Sorocaba	                     ", BR,Rodoviario,305,1784.85,108875.85,2177.52,8380,60
2023/04,SKU16,PROD_NAME_16,23,454.90,CUSTORMER_02,"Sorocaba	                     ", BR,Rodoviario,192,568.62,109175.04,2183.50,345,60
2020/05,SKU18,PROD_NAME_18,1,554.81,CUSTORMER_02,"Sorocaba	                     ", BR,Rodoviario,160,693.51,110961.60,2219.23,14,60
2024/07,SKU52,PROD_NAME_52,0,10.24,CUSTORMER_13,BOITUVA                       , BR,Rodoviario,17433,12.80,111571.20,2231.42,2325,0
2020/01,SKU15,PROD_NAME_15,22,1144.04,CUSTORMER_02,"Sorocaba	                     ", BR,Rodoviario,400,1430.05,114404.00,2288.08,8380,60
2020/06,SKU17,PROD_NAME_17,16,1940.00,CUSTORMER_02,"Sorocaba	                     ", BR,Rodoviario,192,2425.00,116400.00,2328.00,1960,60
2021/08,SKU20,PROD_NAME_20,26,611.54,CUSTORMER_01,SERRA                         , BR,Rodoviario,160,764.43,122308.80,2446.18,2440,60
2022/12,SKU03,PROD_NAME_03,13,8440.85,CUSTORMER_02,"Sorocaba	                     ", BR,Rodoviario,144,10551.06,126692.10,2533.84,660,30
2022/11,SKU14,PROD_NAME_14,7,321.12,CUSTORMER_02,"Sorocaba	                     ", BR,Rodoviario,320,401.40,128448.00,2568.96,12,60
2022/01,SKU20,PROD_NAME_20,29,1466.46,CUSTORMER_01,BARUERI                       , BR,Rodoviario,140,1833.08,128531.80,6426.59,4880,60
2020/09,SKU18,PROD_NAME_18,22,1653.62,CUSTORMER_02,"Sorocaba	                     ", BR,Rodoviario,200,2067.02,138040.00,2760.80,42,60
2021/08,SKU21,PROD_NAME_21,17,4674.40,CUSTORMER_01,BARUERI                       , BR,Rodoviario,120,5843.00,140232.00,1402.32,8930,60
2022/01,SKU16,PROD_NAME_16,7,469.41,CUSTORMER_02,"Sorocaba	                     ", BR,Rodoviario,239,586.76,140235.64,2804.71,345,60
2023/03,SKU07,PROD_NAME_07,15,3829.25,CUSTORMER_02,"Sorocaba	                     ", BR,Rodoviario,120,4786.56,143596.80,2871.94,116,60
2024/08,SKU51,PROD_NAME_51,0,19.20,CUSTORMER_13,BOITUVA                       , BR,Rodoviario,24000,24.00,144000.00,2880.00,12900,0
2022/11,SKU19,PROD_NAME_19,7,299.42,CUSTORMER_02,"Sorocaba	                     ", BR,Rodoviario,1200,374.28,149712.00,2994.24,12,30
2022/09,SKU21,PROD_NAME_21,22,5223.80,CUSTORMER_01,BARUERI                       , BR,Rodoviario,115,6529.75,150184.25,7509.21,8930,60
2021/01,SKU20,PROD_NAME_20,23,622.37,CUSTORMER_01,BARUERI                       , BR,Rodoviario,200,777.96,155592.00,7779.60,2440,60
2020/04,SKU14,PROD_NAME_14,17,526.43,CUSTORMER_02,"Sorocaba	                     ", BR,Rodoviario,480,658.04,156579.20,3131.58,24,60
2021/08,SKU20,PROD_NAME_20,29,637.39,CUSTORMER_01,BARUERI                       , BR,Rodoviario,200,796.74,159348.00,7967.40,2440,60
2022/03,SKU20,PROD_NAME_20,7,665.79,CUSTORMER_01,BARUERI                       , BR,Rodoviario,200,832.24,166448.00,8322.40,2440,60
2022/03,SKU17,PROD_NAME_17,25,1859.81,CUSTORMER_02,"Sorocaba	                     ", BR,Rodoviario,288,2324.76,167382.72,3347.65,1960,60
2023/03,SKU06,PROD_NAME_06,26,1683.47,CUSTORMER_02,"Sorocaba	                     ", BR,Rodoviario,160,2104.34,168347.20,3366.94,90,60
2022/09,SKU15,PROD_NAME_15,11,3092.24,CUSTORMER_02,"Sorocaba	                     ", BR,Rodoviario,445,3865.30,171476.90,3429.54,16760,60
2022/12,SKU08,PROD_NAME_08,26,2548.11,CUSTORMER_01,BARUERI                       , BR,Rodoviario,108,3185.14,171997.56,8599.88,5922,60
2023/11,SKU37,PROD_NAME_37,24,57.94,CUSTORMER_10,Jaguariuna                    , BR,Rodoviario,4800,72.42,173808.00,5214.24,1198,0
2024/04,SKU48,PROD_NAME_48,0,46.90,CUSTORMER_12,ITAJUBA                       , BR,Rodoviario,33000,58.63,175890.00,15830.10,48895,0
2021/10,SKU20,PROD_NAME_20,5,710.17,CUSTORMER_01,SERRA                         , BR,Rodoviario,200,887.71,177542.00,5326.26,2440,60
2022/08,SKU23,PROD_NAME_23,29,24.68,CUSTORMER_04,GENEVA                        , CH,Aereo,58000,30.85,178930.00,32207.40,18850,30
2021/11,SKU20,PROD_NAME_20,19,726.23,CUSTORMER_01,BARUERI                       , BR,Rodoviario,200,907.79,181558.00,9077.90,2440,60
2023/02,SKU20,PROD_NAME_20,9,750.21,CUSTORMER_01,SERRA                         , BR,Rodoviario,200,937.76,187552.00,5626.56,2440,60
2020/11,SKU14,PROD_NAME_14,2,858.89,CUSTORMER_02,"Sorocaba	                     ", BR,Rodoviario,560,1073.61,202553.60,4051.07,36,60
2021/11,SKU16,PROD_NAME_16,29,455.96,CUSTORMER_02,"Sorocaba	                     ", BR,Rodoviario,360,569.95,205182.00,4103.64,345,60
2021/07,SKU21,PROD_NAME_21,15,4674.40,CUSTORMER_01,BARUERI                       , BR,Rodoviario,180,5843.00,210348.00,2103.48,8930,60
2020/05,SKU16,PROD_NAME_16,15,945.87,CUSTORMER_02,"Sorocaba	                     ", BR,Rodoviario,360,1182.34,211999.68,4239.99,690,60
2022/12,SKU10,PROD_NAME_10,22,1580.72,CUSTORMER_01,BARUERI                       , BR,Rodoviario,108,1975.90,213397.20,10669.86,1026,60
2024/04,SKU48,PROD_NAME_48,0,41.80,CUSTORMER_11,SAO PAULO                     , BR,Rodoviario,45650,52.25,216837.50,4336.75,48895,0
2020/05,SKU14,PROD_NAME_14,9,545.47,CUSTORMER_02,"Sorocaba	                     ", BR,Rodoviario,640,681.84,220646.40,4412.93,24,60
2024/10,SKU38,PROD_NAME_38,25,133.08,CUSTORMER_10,Jaguariuna                    , BR,Rodoviario,7015,166.35,233389.05,0.00,10775,0
2021/11,SKU14,PROD_NAME_14,4,292.26,CUSTORMER_02,"Sorocaba	                     ", BR,Rodoviario,640,365.32,233804.80,4676.10,12,60
2022/07,SKU10,PROD_NAME_10,29,1576.49,CUSTORMER_01,SERRA                         , BR,Rodoviario,119,1970.61,234502.59,7035.08,1026,60
2023/02,SKU01,PROD_NAME_01,10,1852.50,CUSTORMER_01,BARUERI                       , BR,Rodoviario,108,2315.62,250086.96,12504.35,396,60
2022/11,SKU17,PROD_NAME_17,26,4244.61,CUSTORMER_02,"Sorocaba	                     ", BR,Rodoviario,384,5305.76,251253.12,5025.06,3920,60
2025/03,SKU38,PROD_NAME_38,1,136.80,CUSTORMER_10,Jaguariuna                    , BR,Rodoviario,7500,171.00,256500.00,7695.00,10775,0
2022/05,SKU14,PROD_NAME_14,26,569.34,CUSTORMER_02,"Sorocaba	                     ", BR,Rodoviario,720,711.67,256850.40,5137.01,24,60
2021/03,SKU16,PROD_NAME_16,23,436.61,CUSTORMER_02,"Sorocaba	                     ", BR,Rodoviario,480,545.76,261964.80,5239.30,345,60
2022/11,SKU21,PROD_NAME_21,11,17634.12,CUSTORMER_01,BARUERI                       , BR,Rodoviario,180,22042.65,264511.80,13225.59,26790,60
2022/09,SKU05,PROD_NAME_05,17,2236.10,CUSTORMER_02,"Sorocaba	                     ", BR,Rodoviario,398,2795.12,278114.44,5562.29,28,30
2022/06,SKU10,PROD_NAME_10,27,1127.82,CUSTORMER_01,SERRA                         , BR,Rodoviario,198,1409.78,279136.44,8374.09,1026,60
2020/01,SKU16,PROD_NAME_16,11,1045.66,CUSTORMER_02,"Sorocaba	                     ", BR,Rodoviario,648,1307.08,282327.36,5646.55,1035,60
2023/04,SKU10,PROD_NAME_10,23,1396.82,CUSTORMER_01,SERRA                         , BR,Rodoviario,166,1746.03,289840.98,8695.23,1026,60
2022/08,SKU21,PROD_NAME_21,8,10375.08,CUSTORMER_01,BARUERI                       , BR,Rodoviario,225,12968.85,290313.45,14515.67,17860,60
2022/03,SKU19,PROD_NAME_19,19,468.98,CUSTORMER_02,"Sorocaba	                     ", BR,Rodoviario,497,586.23,291356.31,5827.13,4,30
2023/01,SKU16,PROD_NAME_16,25,487.74,CUSTORMER_02,"Sorocaba	                     ", BR,Rodoviario,480,609.68,292646.40,5852.93,345,60
2023/03,SKU10,PROD_NAME_10,24,1505.46,CUSTORMER_01,SERRA                         , BR,Rodoviario,162,1881.83,304856.46,9145.69,1026,60
2020/12,SKU20,PROD_NAME_20,27,622.37,CUSTORMER_01,BARUERI                       , BR,Rodoviario,400,777.96,311184.00,15559.20,2440,60
2020/07,SKU20,PROD_NAME_20,15,691.96,CUSTORMER_01,SERRA                         , BR,Rodoviario,360,864.95,311382.00,9341.46,2440,60
2024/09,SKU48,PROD_NAME_48,0,55.44,CUSTORMER_13,BOITUVA                       , BR,Rodoviario,49643,69.30,312750.90,6255.02,48895,0
2023/03,SKU11,PROD_NAME_11,5,15867.02,CUSTORMER_01,BARUERI                       , BR,Rodoviario,32,19833.77,318005.32,15900.27,16,60
2021/04,SKU14,PROD_NAME_14,20,579.58,CUSTORMER_02,"Sorocaba	                     ", BR,Rodoviario,880,724.48,319415.20,6388.30,24,60
2023/03,SKU38,PROD_NAME_38,26,144.24,CUSTORMER_10,Jaguariuna                    , BR,Rodoviario,8870,180.30,319852.20,9595.57,10775,0
2024/02,SKU38,PROD_NAME_38,18,279.56,CUSTORMER_10,Jaguariuna                    , BR,Rodoviario,10000,349.45,324225.00,0.00,21550,0
2022/11,SKU15,PROD_NAME_15,12,1663.56,CUSTORMER_02,"Sorocaba	                     ", BR,Rodoviario,800,2079.45,332712.00,6654.24,8380,60
2021/05,SKU20,PROD_NAME_20,8,635.98,CUSTORMER_01,SERRA                         , BR,Rodoviario,420,794.98,333891.60,10016.75,2440,60
2020/07,SKU20,PROD_NAME_20,17,709.41,CUSTORMER_01,BARUERI                       , BR,Rodoviario,380,886.76,336968.80,16848.44,2440,60
2023/07,SKU38,PROD_NAME_38,14,144.84,CUSTORMER_10,Jaguariuna                    , BR,Rodoviario,9765,181.05,353590.65,10607.72,10775,0
2023/05,SKU38,PROD_NAME_38,18,144.84,CUSTORMER_10,Jaguariuna                    , BR,Rodoviario,10245,181.05,370971.45,11129.14,10775,0
2020/12,SKU14,PROD_NAME_14,29,803.42,CUSTORMER_02,"Sorocaba	                     ", BR,Rodoviario,1120,1004.27,374980.80,7499.62,36,60
2023/01,SKU07,PROD_NAME_07,9,4012.13,CUSTORMER_02,"Sorocaba	                     ", BR,Rodoviario,300,5015.16,376137.00,7522.74,116,60
2021/07,SKU20,PROD_NAME_20,5,611.54,CUSTORMER_01,SERRA                         , BR,Rodoviario,500,764.43,382215.00,7644.30,2440,60
2020/03,SKU14,PROD_NAME_14,24,960.01,CUSTORMER_02,"Sorocaba	                     ", BR,Rodoviario,1280,1200.01,382709.60,7654.19,48,60
2022/12,SKU09,PROD_NAME_09,23,5119.34,CUSTORMER_03,PALO ALTO                     ,USA,Aereo,369,6399.18,393549.57,70838.92,852,60
2021/01,SKU16,PROD_NAME_16,26,1710.05,CUSTORMER_02,"Sorocaba	                     ", BR,Rodoviario,744,2137.56,397586.16,7951.72,1380,60
2020/08,SKU16,PROD_NAME_16,26,1239.13,CUSTORMER_02,"Sorocaba	                     ", BR,Rodoviario,792,1548.91,411539.28,8230.79,1035,60
2023/01,SKU10,PROD_NAME_10,15,1582.78,CUSTORMER_01,SERRA                         , BR,Rodoviario,216,1978.47,427349.52,12820.49,1026,60
2023/02,SKU20,PROD_NAME_20,24,3138.10,CUSTORMER_01,BARUERI                       , BR,Rodoviario,440,3922.63,430144.80,21507.24,9760,60
2020/08,SKU20,PROD_NAME_20,13,706.13,CUSTORMER_01,BARUERI                       , BR,Rodoviario,500,882.66,441330.00,22066.50,2440,60
2022/02,SKU14,PROD_NAME_14,6,588.10,CUSTORMER_02,"Sorocaba	                     ", BR,Rodoviario,1280,735.12,470507.20,9410.14,24,60
2021/12,SKU20,PROD_NAME_20,27,726.23,CUSTORMER_01,BARUERI                       , BR,Rodoviario,520,907.79,472050.80,23602.54,2440,60
2022/06,SKU20,PROD_NAME_20,1,665.07,CUSTORMER_01,SERRA                         , BR,Rodoviario,575,831.34,478020.50,14340.62,2440,60
2021/09,SKU16,PROD_NAME_16,19,832.88,CUSTORMER_02,"Sorocaba	                     ", BR,Rodoviario,936,1041.10,487234.80,9744.70,690,60
2024/04,SKU45,PROD_NAME_45,0,89.06,CUSTORMER_12,ITAJUBA                       , BR,Rodoviario,103500,111.32,500940.00,45084.60,250056,0
2022/05,SKU20,PROD_NAME_20,29,1341.31,CUSTORMER_01,BARUERI                       , BR,Rodoviario,600,1676.64,502992.00,25149.60,4880,60
2021/08,SKU21,PROD_NAME_21,17,4792.64,CUSTORMER_01,BARUERI                       , BR,Rodoviario,420,5990.80,503227.20,25161.36,8930,60
2022/06,SKU21,PROD_NAME_21,1,4944.80,CUSTORMER_01,BARUERI                       , BR,Rodoviario,420,6181.00,519204.00,25960.20,8930,60
2024/02,SKU45,PROD_NAME_45,0,193.20,CUSTORMER_08,Salto                         , BR,Rodoviario,148787,241.50,520754.50,15622.64,750168,0
2020/11,SKU16,PROD_NAME_16,17,2164.41,CUSTORMER_02,"Sorocaba	                     ", BR,Rodoviario,1032,2705.51,555722.88,11114.46,1725,60
2020/07,SKU14,PROD_NAME_14,1,281.21,CUSTORMER_02,"Sorocaba	                     ", BR,Rodoviario,1600,351.51,562416.00,11248.32,12,60
2022/08,SKU20,PROD_NAME_20,5,1342.65,CUSTORMER_01,SERRA                         , BR,Rodoviario,680,1678.31,571317.00,17139.51,4880,60
2020/06,SKU15,PROD_NAME_15,14,1446.32,CUSTORMER_02,"Sorocaba	                     ", BR,Rodoviario,1600,1807.90,578528.00,11570.56,8380,60
2023/04,SKU12,PROD_NAME_12,16,23457.62,CUSTORMER_01,SERRA                         , BR,Rodoviario,60,29322.03,586440.60,17593.22,756,60
2021/09,SKU20,PROD_NAME_20,20,1348.11,CUSTORMER_01,BARUERI                       , BR,Rodoviario,700,1685.14,589799.00,29489.95,4880,60
2022/11,SKU10,PROD_NAME_10,7,1548.06,CUSTORMER_01,SERRA                         , BR,Rodoviario,306,1935.07,592131.42,17763.94,1026,60
2022/07,SKU07,PROD_NAME_07,16,9732.02,CUSTORMER_02,"Sorocaba	                     ", BR,Rodoviario,494,12165.02,593682.80,11873.66,290,60
2020/11,SKU20,PROD_NAME_20,26,1381.25,CUSTORMER_01,BARUERI                       , BR,Rodoviario,700,1726.56,601230.00,30061.50,4880,60
2021/02,SKU14,PROD_NAME_14,6,556.96,CUSTORMER_02,"Sorocaba	                     ", BR,Rodoviario,1760,696.20,612387.20,12247.74,24,60
2022/12,SKU10,PROD_NAME_10,29,3127.10,CUSTORMER_01,SERRA                         , BR,Rodoviario,324,3908.88,632421.00,18972.63,2052,60
2021/12,SKU14,PROD_NAME_14,25,1246.80,CUSTORMER_02,"Sorocaba	                     ", BR,Rodoviario,1680,1558.50,653852.80,13077.06,48,60
2020/09,SKU20,PROD_NAME_20,17,2023.68,CUSTORMER_01,BARUERI                       , BR,Rodoviario,800,2529.60,674560.00,33728.00,7320,60
2022/03,SKU21,PROD_NAME_21,19,5165.52,CUSTORMER_01,BARUERI                       , BR,Rodoviario,540,6456.90,697345.20,34867.26,8930,60
2020/10,SKU20,PROD_NAME_20,27,1419.50,CUSTORMER_01,SERRA                         , BR,Rodoviario,800,1774.37,708487.00,21254.61,4880,60
2024/02,SKU45,PROD_NAME_45,0,87.40,CUSTORMER_11,SAO PAULO                     , BR,Rodoviario,151708,109.25,720613.00,14412.26,250056,0
2021/10,SKU15,PROD_NAME_15,13,1488.52,CUSTORMER_02,"Sorocaba	                     ", BR,Rodoviario,2000,1860.65,744260.00,14885.20,8380,60
2022/01,SKU21,PROD_NAME_21,14,16631.36,CUSTORMER_01,BARUERI                       , BR,Rodoviario,540,20789.20,749055.00,37452.75,26790,60
2022/10,SKU16,PROD_NAME_16,4,2247.59,CUSTORMER_02,"Sorocaba	                     ", BR,Rodoviario,1368,2809.49,769942.08,15398.84,1725,60
2022/12,SKU19,PROD_NAME_19,30,1554.65,CUSTORMER_02,"Sorocaba	                     ", BR,Rodoviario,1205,1943.31,778679.70,15573.59,12,30
2022/04,SKU14,PROD_NAME_14,24,560.50,CUSTORMER_02,"Sorocaba	                     ", BR,Rodoviario,2236,700.62,783293.16,15665.86,24,60
2021/07,SKU16,PROD_NAME_16,29,807.62,CUSTORMER_02,"Sorocaba	                     ", BR,Rodoviario,1584,1009.52,799539.84,15990.80,690,60
2023/02,SKU21,PROD_NAME_21,13,5955.16,CUSTORMER_01,BARUERI                       , BR,Rodoviario,540,7443.95,803946.60,40197.33,8930,60
2022/05,SKU16,PROD_NAME_16,15,1701.52,CUSTORMER_02,"Sorocaba	                     ", BR,Rodoviario,1511,2126.90,805884.34,16117.69,1380,60
2024/04,SKU45,PROD_NAME_45,0,174.80,CUSTORMER_11,SAO PAULO                     , BR,Rodoviario,170200,218.50,808450.00,16169.00,500112,0
2021/11,SKU20,PROD_NAME_20,17,2156.66,CUSTORMER_01,SERRA                         , BR,Rodoviario,899,2695.82,810346.36,24310.39,7320,60
2021/08,SKU14,PROD_NAME_14,1,1320.40,CUSTORMER_02,"Sorocaba	                     ", BR,Rodoviario,2480,1650.50,818648.00,16372.96,60,60
2021/02,SKU20,PROD_NAME_20,30,1311.42,CUSTORMER_01,SERRA                         , BR,Rodoviario,1000,1639.28,819640.00,24589.20,4880,60
2023/03,SKU21,PROD_NAME_21,3,5470.16,CUSTORMER_01,BARUERI                       , BR,Rodoviario,600,6837.70,820524.00,41026.20,8930,60
2023/01,SKU21,PROD_NAME_21,10,6152.44,CUSTORMER_01,BARUERI                       , BR,Rodoviario,540,7690.55,830579.40,41528.97,8930,60
2020/02,SKU16,PROD_NAME_16,16,2776.41,CUSTORMER_02,"Sorocaba	                     ", BR,Rodoviario,1944,3470.51,843335.76,16866.72,2760,60
2020/11,SKU20,PROD_NAME_20,13,1396.63,CUSTORMER_01,SERRA                         , BR,Rodoviario,1000,1745.79,872895.00,26186.85,4880,60
2022/11,SKU03,PROD_NAME_03,27,4405.15,CUSTORMER_02,"Sorocaba	                     ", BR,Rodoviario,960,5506.44,881030.40,17620.61,330,30
2023/01,SKU10,PROD_NAME_10,11,4764.88,CUSTORMER_01,BARUERI                       , BR,Rodoviario,450,5956.10,890158.68,44507.93,3078,60
2024/09,SKU45,PROD_NAME_45,0,115.92,CUSTORMER_13,BOITUVA                       , BR,Rodoviario,146855,144.90,925186.50,18503.73,250056,0
2021/09,SKU14,PROD_NAME_14,28,803.92,CUSTORMER_02,"Sorocaba	                     ", BR,Rodoviario,2800,1004.90,938296.00,18765.92,36,60
2020/03,SKU16,PROD_NAME_16,9,1956.46,CUSTORMER_02,"Sorocaba	                     ", BR,Rodoviario,1843,2445.58,948402.34,18968.05,1725,60
2023/04,SKU21,PROD_NAME_21,27,5246.60,CUSTORMER_01,BARUERI                       , BR,Rodoviario,725,6558.25,950946.25,47547.31,8930,60
2021/01,SKU14,PROD_NAME_14,25,2478.46,CUSTORMER_02,"Sorocaba	                     ", BR,Rodoviario,2800,3098.08,954762.40,19095.25,108,60
2021/08,SKU16,PROD_NAME_16,20,1609.34,CUSTORMER_02,"Sorocaba	                     ", BR,Rodoviario,1968,2011.68,990188.16,19803.76,1380,60
2022/06,SKU16,PROD_NAME_16,16,377.56,CUSTORMER_02,"Sorocaba	                     ", BR,Rodoviario,1968,471.95,928798.16,114242.17,1725,60
2020/10,SKU14,PROD_NAME_14,12,259.52,CUSTORMER_02,"Sorocaba	                     ", BR,Rodoviario,2880,324.40,934285.60,114917.13,48,60
2022/02,SKU21,PROD_NAME_21,2,964.51,CUSTORMER_01,BARUERI                       , BR,Rodoviario,780,1205.63,940395.20,115668.61,8930,60
2022/09,SKU02,PROD_NAME_02,13,518.71,CUSTORMER_02,"Sorocaba	                     ", BR,Rodoviario,1500,648.39,972590.00,119628.57,74,30
2023/02,SKU10,PROD_NAME_10,23,1441.25,CUSTORMER_01,BARUERI                       , BR,Rodoviario,540,1801.57,972846.80,119660.16,3078,60
2024/06,SKU45,PROD_NAME_45,0,3.52,CUSTORMER_12,ITAJUBA                       , BR,Rodoviario,224756,4.40,987819.04,121501.74,250056,0
2022/11,SKU05,PROD_NAME_05,10,523.14,CUSTORMER_02,"Sorocaba	                     ", BR,Rodoviario,1500,653.92,980880.00,120648.24,70,30
2022/08,SKU10,PROD_NAME_10,19,1362.64,CUSTORMER_01,SERRA                         , BR,Rodoviario,576,1703.29,981097.52,120674.99,2052,60
2021/11,SKU17,PROD_NAME_17,1,430.67,CUSTORMER_02,"Sorocaba	                     ", BR,Rodoviario,1824,538.34,981925.76,120776.87,5880,60
2024/07,SKU45,PROD_NAME_45,0,3.42,CUSTORMER_12,ITAJUBA                       , BR,Rodoviario,230000,4.27,983200.00,120933.60,250056,0
2020/08,SKU20,PROD_NAME_20,17,525.14,CUSTORMER_01,SERRA                         , BR,Rodoviario,1320,656.42,866480.40,106577.09,4880,60
2021/03,SKU17,PROD_NAME_17,8,364.88,CUSTORMER_02,"Sorocaba	                     ", BR,Rodoviario,1920,456.10,875702.40,107711.40,1960,60
2022/10,SKU19,PROD_NAME_19,8,410.44,CUSTORMER_02,"Sorocaba	                     ", BR,Rodoviario,1800,513.05,923490.00,113589.27,12,30
2021/03,SKU20,PROD_NAME_20,1,485.07,CUSTORMER_01,BARUERI                       , BR,Rodoviario,1512,606.34,916787.60,112764.87,4880,60
2020/12,SKU17,PROD_NAME_17,24,319.09,CUSTORMER_02,"Sorocaba	                     ", BR,Rodoviario,2336,398.86,931745.92,114604.75,7840,60
2022/08,SKU10,PROD_NAME_10,11,1032.25,CUSTORMER_01,BARUERI                       , BR,Rodoviario,738,1290.32,952254.54,117127.31,3078,60
2022/12,SKU16,PROD_NAME_16,11,331.41,CUSTORMER_02,"Sorocaba	                     ", BR,Rodoviario,2304,414.26,954449.28,117397.26,1035,60
2022/06,SKU19,PROD_NAME_19,1,321.39,CUSTORMER_02,"Sorocaba	                     ", BR,Rodoviario,2388,401.74,959356.92,118000.90,16,30
2021/12,SKU20,PROD_NAME_20,10,407.20,CUSTORMER_01,SERRA                         , BR,Rodoviario,1600,509.00,814400.00,100171.20,4880,60
2022/09,SKU04,PROD_NAME_04,8,341.57,CUSTORMER_02,"Sorocaba	                     ", BR,Rodoviario,1920,426.97,819774.40,100832.25,272,30
2021/09,SKU17,PROD_NAME_17,6,262.20,CUSTORMER_02,"Sorocaba	                     ", BR,Rodoviario,2688,327.74,880977.28,108360.21,3920,60
2023/02,SKU16,PROD_NAME_16,22,277.90,CUSTORMER_02,"Sorocaba	                     ", BR,Rodoviario,2568,347.38,892065.04,109724.00,2070,60
2025/02,SKU45,PROD_NAME_45,0,2.98,CUSTORMER_11,SAO PAULO                     , BR,Rodoviario,253000,3.73,943900.00,116099.70,250056,0
2020/10,SKU15,PROD_NAME_15,8,147.36,CUSTORMER_02,"Sorocaba	                     ", BR,Rodoviario,4400,184.20,810496.00,99691.01,16760,60
2021/02,SKU20,PROD_NAME_20,8,326.82,CUSTORMER_01,BARUERI                       , BR,Rodoviario,2000,408.53,817060.00,100498.38,4880,60
2020/12,SKU15,PROD_NAME_15,30,138.76,CUSTORMER_02,"Sorocaba	                     ", BR,Rodoviario,4800,173.44,832532.00,102401.44,25140,60
2021/08,SKU15,PROD_NAME_15,10,138.95,CUSTORMER_02,"Sorocaba	                     ", BR,Rodoviario,4800,173.69,833696.00,102544.61,8380,60
2021/06,SKU20,PROD_NAME_20,29,308.78,CUSTORMER_01,SERRA                         , BR,Rodoviario,2300,385.97,887740.00,109192.02,7320,60
2023/02,SKU10,PROD_NAME_10,16,791.53,CUSTORMER_01,SERRA                         , BR,Rodoviario,928,989.41,918174.08,112935.41,7182,60
2021/04,SKU16,PROD_NAME_16,8,235.08,CUSTORMER_02,"Sorocaba	                     ", BR,Rodoviario,3240,293.85,952088.00,117106.82,1035,60
2022/02,SKU21,PROD_NAME_21,25,556.81,CUSTORMER_01,SERRA                         , BR,Rodoviario,1380,696.02,960504.80,118142.09,8930,60
2023/03,SKU08,PROD_NAME_08,17,638.71,CUSTORMER_01,SERRA                         , BR,Rodoviario,1206,798.38,962851.46,118430.73,8883,60
2023/03,SKU20,PROD_NAME_20,23,380.46,CUSTORMER_01,BARUERI                       , BR,Rodoviario,2060,475.57,979675.80,120500.12,12200,60
2021/12,SKU16,PROD_NAME_16,19,248.02,CUSTORMER_02,"Sorocaba	                     ", BR,Rodoviario,3168,310.03,982173.92,120807.39,1725,60
2023/02,SKU15,PROD_NAME_15,5,181.73,CUSTORMER_02,"Sorocaba	                     ", BR,Rodoviario,4400,227.16,999496.00,122938.01,16760,60
2022/11,SKU02,PROD_NAME_02,3,220.25,CUSTORMER_02,"Sorocaba	                     ", BR,Rodoviario,2936,275.31,808304.80,99421.49,370,30
2021/01,SKU20,PROD_NAME_20,23,287.57,CUSTORMER_01,SERRA                         , BR,Rodoviario,2360,359.46,848336.00,104345.33,9760,60
2020/09,SKU15,PROD_NAME_15,1,131.17,CUSTORMER_02,"Sorocaba	                     ", BR,Rodoviario,5200,163.96,852596.00,104869.31,16760,60
2021/03,SKU15,PROD_NAME_15,3,135.86,CUSTORMER_02,"Sorocaba	                     ", BR,Rodoviario,5200,169.82,883080.00,108618.84,25140,60
2020/10,SKU16,PROD_NAME_16,13,205.89,CUSTORMER_02,"Sorocaba	                     ", BR,Rodoviario,3648,257.37,938880.48,115482.30,1725,60
2020/09,SKU21,PROD_NAME_21,18,356.72,CUSTORMER_01,BARUERI                       , BR,Rodoviario,1560,445.90,695602.80,85559.14,17860,60
2022/08,SKU06,PROD_NAME_06,1,300.21,CUSTORMER_02,"Sorocaba	                     ", BR,Rodoviario,1958,375.26,734767.54,90376.41,630,60
2022/11,SKU20,PROD_NAME_20,26,267.93,CUSTORMER_01,SERRA                         , BR,Rodoviario,2280,334.91,763602.00,93923.05,4880,60
2021/11,SKU15,PROD_NAME_15,23,110.65,CUSTORMER_02,"Sorocaba	                     ", BR,Rodoviario,5595,138.31,773848.65,95183.38,16760,60
2023/03,SKU20,PROD_NAME_20,15,270.94,CUSTORMER_01,SERRA                         , BR,Rodoviario,2420,338.68,819606.80,100811.64,7320,60
2021/02,SKU17,PROD_NAME_17,9,177.56,CUSTORMER_02,"Sorocaba	                     ", BR,Rodoviario,3744,221.95,830982.72,102210.87,5880,60
2022/01,SKU21,PROD_NAME_21,29,417.43,CUSTORMER_01,SERRA                         , BR,Rodoviario,1620,521.78,845290.20,103970.69,35720,60
2020/04,SKU15,PROD_NAME_15,26,109.28,CUSTORMER_02,"Sorocaba	                     ", BR,Rodoviario,6400,136.60,874256.00,107533.49,25140,60
2021/04,SKU15,PROD_NAME_15,27,117.44,CUSTORMER_02,"Sorocaba	                     ", BR,Rodoviario,6000,146.80,880824.00,108341.35,16760,60
2020/11,SKU15,PROD_NAME_15,7,117.98,CUSTORMER_02,"Sorocaba	                     ", BR,Rodoviario,6000,147.47,884832.00,108834.34,33520,60
2022/01,SKU20,PROD_NAME_20,11,287.90,CUSTORMER_01,SERRA                         , BR,Rodoviario,2460,359.88,885298.20,108891.68,9760,60
2021/09,SKU20,PROD_NAME_20,8,199.78,CUSTORMER_01,SERRA                         , BR,Rodoviario,2860,249.72,714196.40,87846.16,9760,60
2020/02,SKU15,PROD_NAME_15,25,69.69,CUSTORMER_02,"Sorocaba	                     ", BR,Rodoviario,8400,87.11,731764.00,90006.97,25140,60
2020/09,SKU20,PROD_NAME_20,10,217.06,CUSTORMER_01,SERRA                         , BR,Rodoviario,2900,271.33,786844.00,96781.81,14640,60
2022/08,SKU20,PROD_NAME_20,15,237.85,CUSTORMER_01,BARUERI                       , BR,Rodoviario,2960,297.31,880044.00,108245.41,9760,60
2023/03,SKU05,PROD_NAME_05,12,189.57,CUSTORMER_02,"Sorocaba	                     ", BR,Rodoviario,3804,236.96,901391.16,110871.11,42,30
2020/07,SKU16,PROD_NAME_16,5,161.29,CUSTORMER_02,"Sorocaba	                     ", BR,Rodoviario,4512,201.62,909703.68,111893.55,1380,60
2023/01,SKU08,PROD_NAME_08,13,449.58,CUSTORMER_01,SERRA                         , BR,Rodoviario,1656,561.97,930627.36,114467.17,8883,60
2022/09,SKU21,PROD_NAME_21,7,276.20,CUSTORMER_01,BARUERI                       , BR,Rodoviario,2040,345.24,704298.00,86628.65,17860,60
2022/07,SKU14,PROD_NAME_14,18,87.35,CUSTORMER_02,"Sorocaba	                     ", BR,Rodoviario,7200,109.19,786193.60,96701.81,72,60
2021/09,SKU15,PROD_NAME_15,27,85.91,CUSTORMER_02,"Sorocaba	                     ", BR,Rodoviario,8000,107.39,859120.00,105671.76,16760,60
2021/06,SKU17,PROD_NAME_17,2,141.33,CUSTORMER_02,"Sorocaba	                     ", BR,Rodoviario,4960,176.67,876259.20,107779.88,3920,60
2023/01,SKU20,PROD_NAME_20,16,234.26,CUSTORMER_01,SERRA                         , BR,Rodoviario,3000,292.82,878464.00,108051.07,9760,60
2023/01,SKU03,PROD_NAME_03,23,212.03,CUSTORMER_02,"Sorocaba	                     ", BR,Rodoviario,3360,265.04,890524.80,109534.55,660,30
2022/11,SKU20,PROD_NAME_20,16,242.78,CUSTORMER_01,BARUERI                       , BR,Rodoviario,2980,303.47,904341.40,111233.99,12200,60
2021/10,SKU16,PROD_NAME_16,27,146.18,CUSTORMER_02,"Sorocaba	                     ", BR,Rodoviario,5256,182.73,960429.84,118132.87,1725,60
2020/04,SKU22,PROD_NAME_22,13,41.08,CUSTORMER_02,"Sorocaba	                     ", BR,Rodoviario,12024,51.35,617414.96,75942.04,5,45
2022/05,SKU15,PROD_NAME_15,5,62.59,CUSTORMER_02,"Sorocaba	                     ", BR,Rodoviario,8000,78.24,625920.00,76988.16,8380,60
2022/01,SKU15,PROD_NAME_15,8,71.34,CUSTORMER_02,"Sorocaba	                     ", BR,Rodoviario,7600,89.18,677756.00,83363.99,25140,60
2020/06,SKU21,PROD_NAME_21,18,245.41,CUSTORMER_01,BARUERI                       , BR,Rodoviario,2400,306.76,736232.00,90556.54,17860,60
2023/03,SKU12,PROD_NAME_12,27,1904.13,CUSTORMER_01,BARUERI                       , BR,Rodoviario,312,2380.16,742609.16,91340.93,2268,60
2022/12,SKU14,PROD_NAME_14,18,78.04,CUSTORMER_02,"Sorocaba	                     ", BR,Rodoviario,8720,97.56,850688.00,104634.62,120,60
2022/10,SKU17,PROD_NAME_17,24,120.44,CUSTORMER_02,"Sorocaba	                     ", BR,Rodoviario,5952,150.55,896087.68,110218.78,3920,60
2023/01,SKU04,PROD_NAME_04,5,152.49,CUSTORMER_02,"Sorocaba	                     ", BR,Rodoviario,4800,190.61,914944.00,112538.11,272,30
2023/04,SKU12,PROD_NAME_12,23,2038.74,CUSTORMER_01,BARUERI                       , BR,Rodoviario,384,2548.42,978594.16,120367.08,2268,60
2022/11,SKU04,PROD_NAME_04,8,147.03,CUSTORMER_02,"Sorocaba	                     ", BR,Rodoviario,4576,183.78,840990.88,103441.88,272,30
2023/03,SKU10,PROD_NAME_10,18,345.90,CUSTORMER_01,BARUERI                       , BR,Rodoviario,2052,432.37,887227.52,109128.98,4104,60
2020/08,SKU15,PROD_NAME_15,19,54.03,CUSTORMER_02,"Sorocaba	                     ", BR,Rodoviario,11200,67.54,756428.00,93040.64,25140,60
2020/04,SKU17,PROD_NAME_17,5,92.40,CUSTORMER_02,"Sorocaba	                     ", BR,Rodoviario,6672,115.50,770631.20,94787.64,9800,60
2022/02,SKU16,PROD_NAME_16,29,26.64,CUSTORMER_02,"Sorocaba	                     ", BR,Rodoviario,7944,33.31,264583.44,32543.76,1725,60
2021/08,SKU21,PROD_NAME_21,8,70.43,CUSTORMER_01,SERRA                         , BR,Rodoviario,3720,88.03,327480.00,40280.04,17860,60
2022/11,SKU10,PROD_NAME_10,25,144.76,CUSTORMER_01,BARUERI                       , BR,Rodoviario,2268,180.95,410387.52,50477.66,4104,60
2020/11,SKU17,PROD_NAME_17,27,51.98,CUSTORMER_02,"Sorocaba	                     ", BR,Rodoviario,7680,64.97,498982.56,61374.85,11760,60
2022/07,SKU17,PROD_NAME_17,6,67.86,CUSTORMER_02,"Sorocaba	                     ", BR,Rodoviario,7872,84.82,667729.44,82130.72,7840,60
2023/04,SKU14,PROD_NAME_14,18,46.65,CUSTORMER_02,"Sorocaba	                     ", BR,Rodoviario,12000,58.32,699780.00,86072.94,72,60
2022/06,SKU17,PROD_NAME_17,14,67.88,CUSTORMER_02,"Sorocaba	                     ", BR,Rodoviario,8544,84.85,724937.76,89167.34,9800,60
2022/02,SKU15,PROD_NAME_15,29,52.03,CUSTORMER_02,"Sorocaba	                     ", BR,Rodoviario,12800,65.03,832420.00,102387.66,16760,60
2022/09,SKU14,PROD_NAME_14,14,51.32,CUSTORMER_02,"Sorocaba	                     ", BR,Rodoviario,13234,64.15,848914.18,104416.44,72,60
2021/05,SKU21,PROD_NAME_21,25,180.16,CUSTORMER_01,BARUERI                       , BR,Rodoviario,4020,225.20,905298.00,111351.65,26790,60
2022/09,SKU03,PROD_NAME_03,17,129.17,CUSTORMER_02,"Sorocaba	                     ", BR,Rodoviario,5712,161.46,922267.68,113438.92,660,30
2021/02,SKU15,PROD_NAME_15,13,10.99,CUSTORMER_02,"Sorocaba	                     ", BR,Rodoviario,14400,13.74,197796.00,24328.91,33520,60
2021/10,SKU21,PROD_NAME_21,12,49.90,CUSTORMER_01,SERRA                         , BR,Rodoviario,3960,62.38,247023.20,30383.85,26790,60
2023/01,SKU15,PROD_NAME_15,1,23.71,CUSTORMER_02,"Sorocaba	                     ", BR,Rodoviario,12800,29.64,379364.00,46661.77,16760,60
2022/05,SKU20,PROD_NAME_20,25,64.04,CUSTORMER_01,SERRA                         , BR,Rodoviario,6860,80.05,549175.80,67548.62,17080,60
2022/07,SKU16,PROD_NAME_16,24,63.13,CUSTORMER_02,"Sorocaba	                     ", BR,Rodoviario,10608,78.91,837091.52,102962.26,4140,60
2020/03,SKU15,PROD_NAME_15,17,1.80,CUSTORMER_02,"Sorocaba	                     ", BR,Rodoviario,20280,2.25,45719.60,5623.51,25140,60
2021/08,SKU17,PROD_NAME_17,25,7.21,CUSTORMER_02,"Sorocaba	                     ", BR,Rodoviario,11232,9.02,101294.56,12459.23,7840,60
2023/02,SKU03,PROD_NAME_03,30,25.45,CUSTORMER_02,"Sorocaba	                     ", BR,Rodoviario,7680,31.82,244362.40,30056.58,1320,30
2022/02,SKU17,PROD_NAME_17,4,53.69,CUSTORMER_02,"Sorocaba	                     ", BR,Rodoviario,11520,67.12,773207.20,95104.49,5880,60
2022/05,SKU21,PROD_NAME_21,1,117.86,CUSTORMER_01,SERRA                         , BR,Rodoviario,5520,147.33,813234.40,100027.83,26790,60
2021/12,SKU15,PROD_NAME_15,30,21.08,CUSTORMER_02,"Sorocaba	                     ", BR,Rodoviario,18000,26.35,474332.00,58342.84,33520,60
2021/05,SKU16,PROD_NAME_16,1,35.23,CUSTORMER_02,"Sorocaba	                     ", BR,Rodoviario,14015,44.04,617168.86,75911.77,3795,60
2022/12,SKU17,PROD_NAME_17,18,46.93,CUSTORMER_02,"Sorocaba	                     ", BR,Rodoviario,11424,58.66,670175.84,82431.63,13720,60
2020/07,SKU15,PROD_NAME_15,2,35.44,CUSTORMER_02,"Sorocaba	                     ", BR,Rodoviario,21200,44.29,939044.00,115502.41,25140,60
2022/12,SKU21,PROD_NAME_21,30,148.77,CUSTORMER_01,BARUERI                       , BR,Rodoviario,5220,185.96,970693.40,119395.29,26790,60
2020/08,SKU17,PROD_NAME_17,23,11.36,CUSTORMER_02,"Sorocaba	                     ", BR,Rodoviario,14016,14.20,198996.64,24476.59,11760,60
2020/10,SKU21,PROD_NAME_21,22,84.94,CUSTORMER_01,BARUERI                       , BR,Rodoviario,6180,106.18,656199.40,80712.53,26790,60
2021/07,SKU17,PROD_NAME_17,29,35.91,CUSTORMER_02,"Sorocaba	                     ", BR,Rodoviario,15552,44.89,698148.64,85872.28,5880,60
2020/10,SKU21,PROD_NAME_21,16,25.80,CUSTORMER_01,SERRA                         , BR,Rodoviario,6500,32.24,209590.00,25779.57,26790,60
2021/01,SKU15,PROD_NAME_15,10,22.09,CUSTORMER_02,"Sorocaba	                     ", BR,Rodoviario,26000,27.61,717880.00,88299.24,58660,60
2022/04,SKU21,PROD_NAME_21,20,94.46,CUSTORMER_01,SERRA                         , BR,Rodoviario,8280,118.07,977651.20,120251.10,53580,60
2023/04,SKU13,PROD_NAME_13,2,34.76,CUSTORMER_02,"Sorocaba	                     ", BR,Rodoviario,22656,43.45,984407.20,121082.09,150192,30
2021/12,SKU21,PROD_NAME_21,2,14.46,CUSTORMER_01,SERRA                         , BR,Rodoviario,7200,18.08,130140.00,16007.22,26790,60
2020/07,SKU21,PROD_NAME_21,1,25.18,CUSTORMER_01,BARUERI                       , BR,Rodoviario,7335,31.48,230913.90,28402.41,44650,60
2022/04,SKU15,PROD_NAME_15,8,8.35,CUSTORMER_02,"Sorocaba	                     ", BR,Rodoviario,27585,10.44,287986.05,35422.28,25140,60
2022/12,SKU20,PROD_NAME_20,11,66.48,CUSTORMER_01,SERRA                         , BR,Rodoviario,12300,83.09,1022063.00,125713.75,12200,60
2022/12,SKU08,PROD_NAME_08,17,132.08,CUSTORMER_01,SERRA                         , BR,Rodoviario,7614,165.10,1257053.84,154617.62,17766,60
2022/03,SKU21,PROD_NAME_21,6,122.43,CUSTORMER_01,SERRA                         , BR,Rodoviario,9615,153.04,1471432.40,180986.19,26790,60
2021/06,SKU21,PROD_NAME_21,17,113.34,CUSTORMER_01,SERRA                         , BR,Rodoviario,10440,141.67,1479035.60,181921.38,17860,60
2021/06,SKU21,PROD_NAME_21,14,113.34,CUSTORMER_01,SERRA                         , BR,Rodoviario,10440,141.67,1479035.60,181921.38,17860,60
2021/07,SKU21,PROD_NAME_21,9,116.06,CUSTORMER_01,SERRA                         , BR,Rodoviario,10710,145.07,1553748.20,191111.03,35720,60
2022/09,SKU08,PROD_NAME_08,26,19.61,CUSTORMER_01,SERRA                         , BR,Rodoviario,8784,24.51,215319.84,26484.34,17766,60
2021/06,SKU15,PROD_NAME_15,17,8.55,CUSTORMER_02,"Sorocaba	                     ", BR,Rodoviario,38400,10.69,410628.00,50507.24,33520,60
2021/01,SKU17,PROD_NAME_17,17,18.90,CUSTORMER_02,"Sorocaba	                     ", BR,Rodoviario,22848,23.62,539757.60,66390.18,15680,60
2021/09,SKU21,PROD_NAME_21,1,61.83,CUSTORMER_01,SERRA                         , BR,Rodoviario,10740,77.29,830097.00,102101.93,44650,60
2021/04,SKU21,PROD_NAME_21,27,70.47,CUSTORMER_01,SERRA                         , BR,Rodoviario,11340,88.08,998880.00,122862.24,26790,60
2020/11,SKU21,PROD_NAME_21,27,0.80,CUSTORMER_01,SERRA                         , BR,Rodoviario,10680,1.00,10631.60,1307.69,35720,60
2020/10,SKU17,PROD_NAME_17,19,2.83,CUSTORMER_02,"Sorocaba	                     ", BR,Rodoviario,23232,3.54,82219.04,10112.94,17640,60
2022/11,SKU21,PROD_NAME_21,6,16.13,CUSTORMER_01,SERRA                         , BR,Rodoviario,9180,20.16,185063.60,22762.82,44650,60
2020/02,SKU22,PROD_NAME_22,10,4.30,CUSTORMER_02,"Sorocaba	                     ", BR,Rodoviario,66960,5.38,359967.20,44275.97,13,45
2021/12,SKU17,PROD_NAME_17,28,13.57,CUSTORMER_02,"Sorocaba	                     ", BR,Rodoviario,22016,16.96,373472.16,45937.08,9800,60
2022/08,SKU15,PROD_NAME_15,10,11.02,CUSTORMER_02,"Sorocaba	                     ", BR,Rodoviario,37600,13.78,518156.00,63733.19,33520,60
2020/03,SKU22,PROD_NAME_22,27,9.35,CUSTORMER_02,"Sorocaba	                     ", BR,Rodoviario,63648,11.69,743969.84,91508.29,16,45
2020/12,SKU21,PROD_NAME_21,23,84.48,CUSTORMER_01,SERRA                         , BR,Rodoviario,12300,105.60,1298837.00,159756.95,53580,60
2023/03,SKU17,PROD_NAME_17,18,50.43,CUSTORMER_02,"Sorocaba	                     ", BR,Rodoviario,23808,63.04,1500828.32,184601.88,15680,60
2021/01,SKU21,PROD_NAME_21,2,108.03,CUSTORMER_01,SERRA                         , BR,Rodoviario,12000,135.04,1620500.00,199321.50,35720,60
2020/09,SKU17,PROD_NAME_17,2,16.73,CUSTORMER_02,"Sorocaba	                     ", BR,Rodoviario,31904,20.92,667307.04,82078.77,11760,60
2022/09,SKU21,PROD_NAME_21,14,50.00,CUSTORMER_01,SERRA                         , BR,Rodoviario,14280,62.49,892426.00,109768.40,35720,60
2021/05,SKU21,PROD_NAME_21,24,50.09,CUSTORMER_01,SERRA                         , BR,Rodoviario,16370,62.61,1024906.60,126063.51,71440,60
2023/04,SKU15,PROD_NAME_15,26,23.80,CUSTORMER_02,"Sorocaba	                     ", BR,Rodoviario,49200,29.75,1463676.00,180032.15,25140,60
2020/07,SKU21,PROD_NAME_21,23,21.60,CUSTORMER_01,SERRA                         , BR,Rodoviario,16740,27.00,452049.00,55602.03,53580,60
2020/03,SKU17,PROD_NAME_17,18,16.98,CUSTORMER_02,"Sorocaba	                     ", BR,Rodoviario,41760,21.23,886394.72,109026.55,15680,60
2021/04,SKU17,PROD_NAME_17,1,11.10,CUSTORMER_02,"Sorocaba	                     ", BR,Rodoviario,40604,13.87,563145.80,69266.93,17640,60
2021/07,SKU21,PROD_NAME_21,7,17.66,CUSTORMER_01,SERRA                         , BR,Rodoviario,22785,22.07,502905.20,61857.34,53580,60
2023/01,SKU17,PROD_NAME_17,14,9.46,CUSTORMER_02,"Sorocaba	                     ", BR,Rodoviario,45504,11.82,537978.40,66171.34,17640,60
2020/09,SKU21,PROD_NAME_21,5,28.72,CUSTORMER_01,SERRA                         , BR,Rodoviario,23280,35.90,835708.00,102792.08,53580,60
2020/08,SKU21,PROD_NAME_21,18,63.48,CUSTORMER_01,SERRA                         , BR,Rodoviario,23580,79.35,1871022.40,230135.76,44650,60
2023/01,SKU21,PROD_NAME_21,24,23.68,CUSTORMER_01,SERRA                         , BR,Rodoviario,22320,29.60,660740.80,81271.12,35720,60
2022/06,SKU21,PROD_NAME_21,28,75.13,CUSTORMER_01,SERRA                         , BR,Rodoviario,28060,93.91,2635046.00,324110.66,53580,60
2023/02,SKU17,PROD_NAME_17,7,48.70,CUSTORMER_02,"Sorocaba	                     ", BR,Rodoviario,55968,60.88,3407127.52,419076.68,17640,60
2022/12,SKU21,PROD_NAME_21,19,126.92,CUSTORMER_01,SERRA                         , BR,Rodoviario,24480,158.65,3883640.80,477687.82,53580,60
2022/12,SKU15,PROD_NAME_15,25,18.12,CUSTORMER_02,"Sorocaba	                     ", BR,Rodoviario,88400,22.65,2002152.00,246264.70,67040,60
2022/07,SKU15,PROD_NAME_15,17,3.36,CUSTORMER_02,"Sorocaba	                     ", BR,Rodoviario,105200,4.20,442112.00,54379.78,67040,60
2022/07,SKU21,PROD_NAME_21,4,29.84,CUSTORMER_01,SERRA                         , BR,Rodoviario,32040,37.30,1195090.60,146996.14,71440,60
2023/02,SKU21,PROD_NAME_21,26,4.02,CUSTORMER_01,SERRA                         , BR,Rodoviario,34210,5.02,171880.50,21141.30,62510,60
2021/02,SKU21,PROD_NAME_21,19,9.72,CUSTORMER_01,SERRA                         , BR,Rodoviario,41220,12.14,500595.80,61573.28,89300,60
2020/07,SKU17,PROD_NAME_17,27,13.04,CUSTORMER_02,"Sorocaba	                     ", BR,Rodoviario,82656,16.30,1347185.12,165703.77,13720,60
2023/03,SKU21,PROD_NAME_21,18,9.79,CUSTORMER_01,SERRA                         , BR,Rodoviario,42100,12.24,515178.00,63366.89,80370,60
2021/10,SKU17,PROD_NAME_17,20,6.37,CUSTORMER_02,"Sorocaba	                     ", BR,Rodoviario,109536,7.96,872067.04,107264.25,21560,60
2023/05,SKU13,PROD_NAME_13,19,2.76,CUSTORMER_02,"Sorocaba	                     ", BR,Rodoviario,207504,3.44,714641.28,87900.88,275352,30
2022/08,SKU21,PROD_NAME_21,25,17.58,CUSTORMER_01,SERRA                         , BR,Rodoviario,68880,21.98,1513731.20,186188.94,62510,60
2021/05,SKU17,PROD_NAME_17,12,1.52,CUSTORMER_02,"Sorocaba	                     ", BR,Rodoviario,208704,1.89,395344.16,48627.33,25480,60
